,block_tract,points,Population,Area,AllRaces,Black,Households,NonfamilyHouseholds,RelNonrel,Nonrelatives,AllRaceCounts,MixedRace,OccupiedHousing,RentedHouseholds
0,0470179.001,"[[-73.971223, 40.685021], [-73.969062, 40.684157], [-73.96866399999999, 40.682], [-73.97064, 40.682414], [-73.971223, 40.685021]]",1451,         43328,1499,1251,1451,279,602,57,1451,45,602,583
1,0470181.002,"[[-73.973126, 40.689622], [-73.972687, 40.687415], [-73.972398, 40.685953999999995], [-73.973274, 40.685842], [-73.97337399999999, 40.685885], [-73.973648, 40.687303], [-73.974109, 40.689662999999996], [-73.973126, 40.689622]]",887,         34541,919,264,887,450,486,106,887,28,486,373
2,0470185.012,"[[-73.97426399999999, 40.695100000000004], [-73.975048, 40.695080999999995], [-73.97506299999999, 40.69508], [-73.976188, 40.695098], [-73.976351, 40.695916], [-73.976407, 40.696191999999996], [-73.973457, 40.696079999999995], [-73.97343099999999, 40.695812], [-73.973309, 40.695209999999996], [-73.97426399999999, 40.695100000000004]]",1209,         27882,1248,849,1209,178,467,22,1209,36,467,460
3,0470191.001,"[[-73.96405399999999, 40.693628], [-73.96444799999999, 40.695595], [-73.96444799999999, 40.695702], [-73.964551, 40.696107], [-73.962839, 40.698039], [-73.962294, 40.698125999999995], [-73.961051, 40.698326], [-73.96015799999999, 40.694117], [-73.96109299999999, 40.694010999999996], [-73.962211, 40.69386], [-73.963127, 40.693733], [-73.96405399999999, 40.693628]]",735,        134169,770,149,735,232,257,76,735,32,257,224
4,0470193.002,"[[-73.965188, 40.689782], [-73.962392, 40.690106], [-73.960293, 40.690346], [-73.96000599999999, 40.688880999999995], [-73.962836, 40.688555], [-73.96481, 40.688325999999996], [-73.965188, 40.689782]]",1757,         68271,1824,1531,1757,635,1015,68,1757,58,1015,486
5,0470195.002,"[[-73.96711499999999, 40.689561], [-73.967531, 40.691643], [-73.967844, 40.69323], [-73.966881, 40.693341], [-73.966566, 40.691756], [-73.966135, 40.689673], [-73.96711499999999, 40.689561]]",795,         34138,842,270,795,358,386,100,795,43,386,300
6,0470197.001,"[[-73.965822, 40.688209], [-73.966821, 40.688088], [-73.96711499999999, 40.689561], [-73.966135, 40.689673], [-73.965188, 40.689782], [-73.96481, 40.688325999999996], [-73.965822, 40.688209]]",391,         27762,418,112,391,187,202,49,391,27,202,156
7,0470199.002,"[[-73.968054, 40.684205], [-73.967056, 40.684318999999995], [-73.965082, 40.684546], [-73.964779, 40.68304], [-73.96688999999999, 40.683482999999995], [-73.96795999999999, 40.683726], [-73.96892199999999, 40.684101999999996], [-73.968054, 40.684205]]",707,         30537,748,358,707,339,356,94,707,35,356,334
8,0470201.003,"[[-73.964033, 40.684667999999995], [-73.963072, 40.684779999999996], [-73.962611, 40.682587], [-73.963664, 40.682807], [-73.964779, 40.68304], [-73.965082, 40.684546], [-73.964033, 40.684667999999995]]",995,         35876,1049,447,995,507,483,153,995,46,483,377
9,0470227.003,"[[-73.959595, 40.681953], [-73.958586, 40.681743], [-73.958246, 40.679984999999995], [-73.958292, 40.679831], [-73.96131199999999, 40.680456], [-73.961424, 40.681433999999996], [-73.96161099999999, 40.682375], [-73.959595, 40.681953]]",757,         52909,786,581,757,194,306,52,757,28,306,270
10,0470001.002,"[[-73.99600099999999, 40.699007], [-73.995379, 40.700309], [-73.993672, 40.699836], [-73.994292, 40.698535], [-73.995145, 40.698774], [-73.99600099999999, 40.699007]]",939,         23574,948,79,939,176,266,27,939,9,266,162
11,0470003.013,"[[-73.995547, 40.695892], [-73.99585499999999, 40.695221], [-73.996197, 40.694507], [-73.997699, 40.694983], [-73.997078, 40.696311], [-73.99641299999999, 40.696131], [-73.995547, 40.695892]]",889,         21993,920,29,889,389,494,69,889,28,494,258
12,0470005.011,"[[-73.99532599999999, 40.696377999999996], [-73.99460499999999, 40.697888], [-73.994292, 40.698535], [-73.99271, 40.698097], [-73.99302, 40.69746], [-73.993785, 40.69587], [-73.99532599999999, 40.696377999999996]]",2417,         36793,2526,285,2417,685,853,93,2417,90,853,356
13,0470005.022,"[[-73.992744, 40.693605], [-73.99310299999999, 40.692845999999996], [-73.99508, 40.693146999999996], [-73.994619, 40.69412], [-73.994298, 40.694792], [-73.993978, 40.695463], [-73.99307999999999, 40.695217], [-73.99210000000001, 40.694947], [-73.992744, 40.693605]]",1128,         43981,1161,40,1128,605,683,123,1128,32,683,473
14,0470007.003,"[[-73.993438, 40.692153999999995], [-73.993736, 40.691534999999995], [-73.994361, 40.690239], [-73.996233, 40.690757999999995], [-73.995914, 40.691416], [-73.99508, 40.693146999999996], [-73.99310299999999, 40.692845999999996], [-73.993438, 40.692153999999995]]",1238,         49705,1280,39,1238,473,642,91,1238,41,642,407
15,0470013.002,"[[-73.986813, 40.699956], [-73.986864, 40.69922], [-73.98693999999999, 40.698781], [-73.98868399999999, 40.700699], [-73.986794, 40.700626], [-73.986813, 40.699956]]",711,         22918,726,151,711,0,0,0,711,12,0,0
16,0470015.002,"[[-73.980983, 40.693556], [-73.982512, 40.693614], [-73.98245299999999, 40.694796], [-73.982235, 40.697505], [-73.980515, 40.697437], [-73.980632, 40.696346], [-73.98037099999999, 40.696262999999995], [-73.980356, 40.696177999999996], [-73.980139, 40.694683], [-73.979168, 40.693489], [-73.980983, 40.693556]]",1494,         81605,1566,907,1494,152,542,36,1494,64,542,541
17,0470023.001,"[[-73.986794, 40.700626], [-73.98582499999999, 40.700598], [-73.98285, 40.701359], [-73.98293199999999, 40.699771999999996], [-73.983749, 40.699797], [-73.984776, 40.699853999999995], [-73.986532, 40.699923999999996], [-73.986813, 40.699956], [-73.986794, 40.700626]]",1555,         41784,1629,789,1555,168,535,63,1555,70,535,467
18,0470029.012,"[[-73.976407, 40.696191999999996], [-73.976351, 40.695916], [-73.976188, 40.695098], [-73.975987, 40.694089], [-73.975848, 40.693360999999996], [-73.97782699999999, 40.693438], [-73.978094, 40.694623], [-73.978343, 40.696225999999996], [-73.978351, 40.696276], [-73.978376, 40.696355], [-73.977375, 40.696242999999996], [-73.976407, 40.696191999999996]]",1022,         52500,1085,724,1022,85,225,13,1022,56,225,225
19,0470031.001,"[[-73.982512, 40.693614], [-73.980983, 40.693556], [-73.979168, 40.693489], [-73.97782699999999, 40.693438], [-73.97754499999999, 40.691896], [-73.97894699999999, 40.691921], [-73.981791, 40.692025], [-73.981759, 40.692955], [-73.98254, 40.693002], [-73.982512, 40.693614]]",1800,         64117,1928,974,1800,535,803,74,1800,109,803,257
20,0470033.002,"[[-73.976592, 40.687183999999995], [-73.976545, 40.686994], [-73.97936299999999, 40.686682], [-73.98092799999999, 40.688902999999996], [-73.982098, 40.689358], [-73.982957, 40.689699], [-73.98371999999999, 40.690007], [-73.98313399999999, 40.690003], [-73.981476, 40.689931], [-73.978624, 40.689831], [-73.977098, 40.689772999999995], [-73.976592, 40.687183999999995]]",1499,        115547,1575,481,1499,697,757,186,1499,68,757,591
21,0470037.001,"[[-73.98181699999999, 40.687329999999996], [-73.983988, 40.688175], [-73.986155, 40.689018], [-73.98973699999999, 40.69036], [-73.989328, 40.691002], [-73.98896599999999, 40.692099], [-73.987348, 40.691458], [-73.98633099999999, 40.69105], [-73.98536299999999, 40.690667], [-73.98371999999999, 40.690007], [-73.982957, 40.689699], [-73.982098, 40.689358], [-73.98092799999999, 40.688902999999996], [-73.97936299999999, 40.686682], [-73.979812, 40.686645], [-73.98181699999999, 40.687329999999996]]",390,        167607,447,90,390,149,157,26,390,53,157,154
22,0470039.001,"[[-73.982232, 40.686721], [-73.98181699999999, 40.687329999999996], [-73.979812, 40.686645], [-73.97936299999999, 40.686682], [-73.97908799999999, 40.686285], [-73.978026, 40.684864], [-73.978337, 40.684394999999995], [-73.980702, 40.685324], [-73.982661, 40.686085999999996], [-73.982232, 40.686721]]",1162,         58756,1254,299,1162,380,457,100,1162,85,457,297
23,0470039.003,"[[-73.978337, 40.684394999999995], [-73.978743, 40.68376], [-73.979165, 40.683125], [-73.97960499999999, 40.682489], [-73.981993, 40.683417999999996], [-73.981562, 40.684053], [-73.981133, 40.684689], [-73.980702, 40.685324], [-73.978337, 40.684394999999995]]",459,         53879,494,74,459,237,227,64,459,31,227,177
24,0470041.001,"[[-73.982232, 40.686721], [-73.982661, 40.686085999999996], [-73.98482899999999, 40.68693], [-73.98700000000001, 40.687773], [-73.986155, 40.689018], [-73.983988, 40.688175], [-73.98181699999999, 40.687329999999996], [-73.982232, 40.686721]]",1562,         64022,1630,267,1562,629,736,166,1562,62,736,599
25,0470043.001,"[[-73.990648, 40.68913], [-73.990166, 40.689729], [-73.988722, 40.689246], [-73.98916799999999, 40.688615], [-73.990648, 40.68913]]",8,         10613,8,5,8,0,0,0,8,0,0,0
26,0470043.003,"[[-73.98916799999999, 40.688615], [-73.98700000000001, 40.687773], [-73.988289, 40.685869], [-73.99046799999999, 40.686727999999995], [-73.98916799999999, 40.688615]]",918,         49141,951,102,918,407,415,130,918,30,415,319
27,0470045.001,"[[-73.993005, 40.688364], [-73.995001, 40.688915], [-73.99687399999999, 40.689433], [-73.99654799999999, 40.690104], [-73.996233, 40.690757999999995], [-73.994361, 40.690239], [-73.992364, 40.68969], [-73.99268599999999, 40.689032999999995], [-73.993005, 40.688364]]",1151,         54501,1175,44,1151,502,601,129,1151,24,601,391
28,0470047.001,"[[-74.001003, 40.68535], [-74.002364, 40.685736999999996], [-74.004504, 40.686301], [-74.004853, 40.685668], [-74.00549699999999, 40.685846999999995], [-74.007735, 40.686037], [-74.008117, 40.686614999999996], [-74.003946, 40.689046999999995], [-74.001881, 40.692476], [-74.000495, 40.691938], [-73.997793, 40.691188], [-73.998742, 40.689177], [-73.99907, 40.688497999999996], [-73.999378, 40.687853], [-73.999696, 40.687197999999995], [-74.000642, 40.685247], [-74.000891, 40.685300999999995], [-74.001003, 40.68535]]",1445,        330370,1566,259,1445,440,657,103,1445,101,657,456
29,0470129.013,"[[-73.981324, 40.679952], [-73.98089399999999, 40.680586999999996], [-73.980463, 40.681221], [-73.977886, 40.680217], [-73.978676, 40.679047], [-73.97955999999999, 40.679286999999995], [-73.981324, 40.679952]]",517,         38072,554,101,517,249,246,83,517,33,246,177
30,0470161.001,"[[-73.97377999999999, 40.683060999999995], [-73.97174199999999, 40.682646], [-73.97064, 40.682414], [-73.970852, 40.681619999999995], [-73.971394, 40.680082999999996], [-73.974504, 40.680733], [-73.973952, 40.682280999999996], [-73.97377999999999, 40.683060999999995]]",976,         72716,1033,219,976,306,422,102,976,50,422,233
31,0470305.001,"[[-73.959124, 40.677513999999995], [-73.962229, 40.678166], [-73.961957, 40.678934], [-73.96168, 40.679702], [-73.96131199999999, 40.680456], [-73.958292, 40.679831], [-73.95602199999999, 40.679359], [-73.95528999999999, 40.679202], [-73.955167, 40.678571], [-73.955195, 40.678343], [-73.95547499999999, 40.677575999999995], [-73.955749, 40.676807], [-73.956833, 40.677034], [-73.959124, 40.677513999999995]]",839,        149935,906,379,839,251,316,76,839,44,316,291
32,0470227.004,"[[-73.958586, 40.681743], [-73.959595, 40.681953], [-73.96161099999999, 40.682375], [-73.961671, 40.682691], [-73.960718, 40.682801999999995], [-73.959785, 40.682908999999995], [-73.95884099999999, 40.683018], [-73.95611199999999, 40.683333], [-73.955666, 40.681137], [-73.958586, 40.681743]]",942,         67189,969,693,942,338,386,95,942,25,386,309
33,0470229.001,"[[-73.956699, 40.686263], [-73.956841, 40.686996], [-73.954684, 40.687245], [-73.954538, 40.686512], [-73.954393, 40.68578], [-73.95655, 40.68553], [-73.956699, 40.686263]]",586,         30382,612,421,586,212,273,57,586,22,273,229
34,0470229.002,"[[-73.954101, 40.684312999999996], [-73.953954, 40.683581], [-73.95611199999999, 40.683333], [-73.956257, 40.684066], [-73.95655, 40.68553], [-73.954393, 40.68578], [-73.954246, 40.685047], [-73.954101, 40.684312999999996]]",935,         45527,983,624,935,348,379,96,935,46,379,273
35,0470229.003,"[[-73.959423, 40.685950999999996], [-73.95956799999999, 40.686682999999995], [-73.956841, 40.686996], [-73.956699, 40.686263], [-73.95655, 40.68553], [-73.959276, 40.685217], [-73.959423, 40.685950999999996]]",655,         38359,678,463,655,228,288,57,655,21,288,228
36,0470229.004,"[[-73.95655, 40.68553], [-73.956257, 40.684066], [-73.95611199999999, 40.683333], [-73.95884099999999, 40.683018], [-73.959276, 40.685217], [-73.95655, 40.68553]]",1219,         57564,1272,779,1219,526,551,140,1219,47,551,446
37,0470231.001,"[[-73.96000599999999, 40.688880999999995], [-73.959859, 40.688148], [-73.95971399999999, 40.687416], [-73.962547, 40.687089], [-73.962694, 40.687819], [-73.962836, 40.688555], [-73.96000599999999, 40.688880999999995]]",1097,         39857,1176,582,1097,561,553,145,1097,67,553,474
38,0470241.002,"[[-73.951757, 40.69133], [-73.951612, 40.690597], [-73.951464, 40.689864], [-73.955122, 40.689443999999995], [-73.95541, 40.690908], [-73.951757, 40.69133]]",909,         51407,940,548,909,332,367,81,909,29,367,322
39,0470243.001,"[[-73.951464, 40.689864], [-73.95117499999999, 40.6884], [-73.954829, 40.687977], [-73.955122, 40.689443999999995], [-73.951464, 40.689864]]",1229,         51447,1275,863,1229,482,589,141,1229,39,589,478
40,0470245.001,"[[-73.953954, 40.683581], [-73.954101, 40.684312999999996], [-73.954246, 40.685047], [-73.95058999999999, 40.685466999999996], [-73.950446, 40.684734999999996], [-73.950299, 40.684000999999995], [-73.953954, 40.683581]]",963,         51455,1008,860,963,258,386,88,963,39,386,260
41,0470245.004,"[[-73.949557, 40.680389999999996], [-73.95337099999999, 40.680641], [-73.953516, 40.681383], [-73.949861, 40.681804], [-73.949715, 40.68107], [-73.949557, 40.680389999999996]]",778,         38289,816,616,778,214,330,56,778,36,330,290
42,0470247.001,"[[-73.949557, 40.680389999999996], [-73.946749, 40.68024], [-73.946274, 40.680212999999995], [-73.943973, 40.680088], [-73.944149, 40.678239], [-73.946911, 40.678391999999995], [-73.949679, 40.678543], [-73.949585, 40.679635999999995], [-73.949557, 40.680389999999996]]",1314,         96636,1366,1100,1314,294,521,85,1314,48,521,468
43,0470249.003,"[[-73.94658, 40.682181], [-73.946437, 40.681449], [-73.949715, 40.68107], [-73.949861, 40.681804], [-73.950009, 40.682536999999996], [-73.946727, 40.682914], [-73.94658, 40.682181]]",1107,         46121,1138,840,1107,422,546,93,1107,25,546,445
44,0470253.003,"[[-73.951464, 40.689864], [-73.951612, 40.690597], [-73.951757, 40.69133], [-73.95190199999999, 40.692063], [-73.948622, 40.69244], [-73.948476, 40.691707], [-73.948331, 40.690974], [-73.948185, 40.690242], [-73.951464, 40.689864]]",487,         69246,512,342,487,145,186,50,487,23,186,153
45,0470519.002,"[[-73.95434, 40.714072], [-73.954656, 40.714075], [-73.95533, 40.714073], [-73.95599399999999, 40.714092], [-73.95626899999999, 40.714158999999995], [-73.95822299999999, 40.715374], [-73.95762599999999, 40.715927], [-73.957031, 40.716483], [-73.956439, 40.717031999999996], [-73.953865, 40.715433], [-73.952793, 40.714763], [-73.953411, 40.714220999999995], [-73.953583, 40.71407], [-73.95434, 40.714072]]",1060,         82585,1092,21,1060,627,546,198,1060,29,546,456
46,0470519.003,"[[-73.95533, 40.714073], [-73.954656, 40.714075], [-73.95434, 40.714072], [-73.95506499999999, 40.712866], [-73.95547599999999, 40.712266], [-73.95680999999999, 40.712756], [-73.958342, 40.713305999999996], [-73.959797, 40.713887], [-73.959486, 40.714192], [-73.959277, 40.71439], [-73.95822299999999, 40.715374], [-73.95626899999999, 40.714158999999995], [-73.95599399999999, 40.714092], [-73.95533, 40.714073]]",1050,         72264,1095,38,1050,640,507,205,1050,43,507,444
47,0470523.003,"[[-73.959064, 40.712165999999996], [-73.959533, 40.711424], [-73.959943, 40.710786999999996], [-73.960388, 40.710056], [-73.961238, 40.710234], [-73.962, 40.710432999999995], [-73.961421, 40.711349], [-73.961029, 40.711968999999996], [-73.960561, 40.712713], [-73.959064, 40.712165999999996]]",1214,         38048,1260,70,1214,415,454,163,1214,44,454,409
48,0470525.002,"[[-73.96114399999999, 40.707524], [-73.962131, 40.707623], [-73.962743, 40.707685], [-73.96257299999999, 40.708535], [-73.962414, 40.709351999999996], [-73.960825, 40.709168999999996], [-73.960984, 40.708357], [-73.96114399999999, 40.707524]]",1329,         25272,1347,49,1329,145,387,35,1329,17,387,368
49,0470543.002,"[[-73.969728, 40.697804], [-73.965774, 40.697635999999996], [-73.962839, 40.698039], [-73.964551, 40.696107], [-73.965434, 40.695941], [-73.96638899999999, 40.69581], [-73.968384, 40.695931], [-73.96937199999999, 40.695954], [-73.969728, 40.697804]]",320,        101851,347,34,320,192,178,57,320,24,178,178
50,0470545.003,"[[-73.967289, 40.707001999999996], [-73.965932, 40.707243999999996], [-73.964849, 40.707454], [-73.964393, 40.707056], [-73.965672, 40.706202999999995], [-73.965093, 40.705633999999996], [-73.965285, 40.705498999999996], [-73.965541, 40.705334], [-73.966325, 40.70483], [-73.96672699999999, 40.705523], [-73.967289, 40.707001999999996]]",2033,         36069,2075,164,2033,158,618,37,2033,41,618,585
51,0470547.002,"[[-73.96432899999999, 40.708014999999996], [-73.965938, 40.708197], [-73.965801, 40.708901999999995], [-73.964185, 40.70872], [-73.96257299999999, 40.708535], [-73.962743, 40.707685], [-73.963278, 40.707729], [-73.964421, 40.707533999999995], [-73.96432899999999, 40.708014999999996]]",1456,         25950,1468,28,1456,92,326,25,1456,11,326,282
52,0470551.002,"[[-73.962552, 40.712526], [-73.962081, 40.713269], [-73.961287, 40.714501999999996], [-73.959797, 40.713887], [-73.960561, 40.712713], [-73.961029, 40.711968999999996], [-73.962552, 40.712526]]",1196,         34304,1281,113,1196,516,548,152,1196,78,548,513
53,0471237.001,"[[-73.95799699999999, 40.694365999999995], [-73.959311, 40.694215], [-73.96015799999999, 40.694117], [-73.961051, 40.698326], [-73.95885799999999, 40.698676999999996], [-73.95799699999999, 40.694365999999995]]",1267,         89464,1300,71,1267,100,275,45,1267,33,275,214
54,0471237.002,"[[-73.956581, 40.696784], [-73.956143, 40.694579], [-73.95799699999999, 40.694365999999995], [-73.95885799999999, 40.698676999999996], [-73.95702, 40.698974], [-73.956581, 40.696784]]",2618,         77467,2659,85,2618,100,527,36,2618,38,527,438
55,0471237.003,"[[-73.956581, 40.696784], [-73.95702, 40.698974], [-73.95336999999999, 40.699405], [-73.952925, 40.697204], [-73.952489, 40.695004], [-73.954307, 40.694790999999995], [-73.955197, 40.694688], [-73.956143, 40.694579], [-73.956581, 40.696784]]",2123,        154429,2157,96,2123,148,456,51,2123,34,456,350
60,0470049.001,"[[-73.99654799999999, 40.690104], [-73.99687399999999, 40.689433], [-73.997562, 40.688], [-73.99907, 40.688497999999996], [-73.998742, 40.689177], [-73.997793, 40.691188], [-73.996233, 40.690757999999995], [-73.99654799999999, 40.690104]]",922,         44629,947,196,922,174,228,43,922,24,228,170
61,0470127.001,"[[-73.982855, 40.682148999999995], [-73.982423, 40.682783], [-73.984375, 40.683543], [-73.983953, 40.684182], [-73.981993, 40.683417999999996], [-73.97960499999999, 40.682489], [-73.980034, 40.681854], [-73.980463, 40.681221], [-73.982855, 40.682148999999995]]",1152,         50697,1224,321,1152,558,503,174,1152,61,503,394
62,0470127.002,"[[-73.985231, 40.68228], [-73.983276, 40.681523], [-73.982855, 40.682148999999995], [-73.980463, 40.681221], [-73.98089399999999, 40.680586999999996], [-73.981324, 40.679952], [-73.98175499999999, 40.679317], [-73.984139, 40.680246], [-73.986104, 40.681008999999996], [-73.985231, 40.68228]]",972,         83537,1035,306,972,284,422,79,972,58,422,415
63,0470129.011,"[[-73.979165, 40.683125], [-73.978743, 40.68376], [-73.978337, 40.684394999999995], [-73.978026, 40.684864], [-73.977457, 40.684052], [-73.975929, 40.683505], [-73.976209, 40.68273], [-73.976317, 40.682508999999996], [-73.976596, 40.68212], [-73.977023, 40.681486], [-73.97960499999999, 40.682489], [-73.979165, 40.683125]]",758,         59988,803,99,758,243,297,86,758,39,297,208
64,0470129.012,"[[-73.980463, 40.681221], [-73.980034, 40.681854], [-73.97960499999999, 40.682489], [-73.977023, 40.681486], [-73.97781499999999, 40.680313], [-73.977886, 40.680217], [-73.980463, 40.681221]]",884,         38829,923,150,884,412,435,133,884,36,435,295
65,0470129.021,"[[-73.976596, 40.68212], [-73.976317, 40.682508999999996], [-73.976209, 40.68273], [-73.975929, 40.683505], [-73.97377999999999, 40.683060999999995], [-73.973952, 40.682280999999996], [-73.974504, 40.680733], [-73.975144, 40.680872], [-73.975338, 40.680831999999995], [-73.977023, 40.681486], [-73.976596, 40.68212]]",278,         53563,296,50,278,153,141,46,278,18,141,118
66,0470129.022,"[[-73.97490499999999, 40.679955], [-73.975321, 40.679333], [-73.97781499999999, 40.680313], [-73.977023, 40.681486], [-73.975338, 40.680831999999995], [-73.975144, 40.680872], [-73.974504, 40.680733], [-73.97469199999999, 40.680265999999996], [-73.97490499999999, 40.679955]]",933,         35851,978,151,933,410,412,138,933,44,412,336
67,0470513.003,"[[-73.950994, 40.710221], [-73.950875, 40.709513], [-73.95083, 40.709143], [-73.95236, 40.709716], [-73.951968, 40.710336], [-73.95346599999999, 40.710884], [-73.95463699999999, 40.711324], [-73.954303, 40.711841], [-73.953498, 40.713122999999996], [-73.953282, 40.714079999999996], [-73.951624, 40.714065999999995], [-73.95135599999999, 40.712399], [-73.951235, 40.711692], [-73.951116, 40.710957], [-73.950994, 40.710221]]",1271,         94109,1330,69,1271,698,571,237,1271,55,571,515
68,0470513.004,"[[-73.953856, 40.710263999999995], [-73.954735, 40.710595], [-73.955133, 40.710533], [-73.95549799999999, 40.709948999999995], [-73.956859, 40.710452], [-73.956199, 40.711113], [-73.95547599999999, 40.712266], [-73.95506499999999, 40.712866], [-73.95434, 40.714072], [-73.953583, 40.71407], [-73.95332599999999, 40.714095], [-73.953282, 40.714079999999996], [-73.953498, 40.713122999999996], [-73.954303, 40.711841], [-73.95463699999999, 40.711324], [-73.95346599999999, 40.710884], [-73.951968, 40.710336], [-73.95236, 40.709716], [-73.953856, 40.710263999999995]]",987,         70982,1081,88,987,254,378,93,987,83,378,369
69,0470163.001,"[[-73.971394, 40.680082999999996], [-73.970852, 40.681619999999995], [-73.97064, 40.682414], [-73.96866399999999, 40.682], [-73.967477, 40.681754], [-73.96767799999999, 40.680955], [-73.96795399999999, 40.680189], [-73.968227, 40.679421999999995], [-73.971394, 40.680082999999996]]",346,         74001,372,81,346,129,143,40,346,23,143,101
70,0470315.004,"[[-73.95272, 40.677029999999995], [-73.952812, 40.677845], [-73.952987, 40.678722], [-73.949679, 40.678543], [-73.94977, 40.677651999999995], [-73.949845, 40.676874999999995], [-73.95272, 40.677029999999995]]",1294,         48423,1365,1023,1294,427,561,121,1294,62,561,518
71,0470179.002,"[[-73.97174199999999, 40.682646], [-73.97377999999999, 40.683060999999995], [-73.973922, 40.683755999999995], [-73.97428099999999, 40.685513], [-73.973322, 40.685621], [-73.973274, 40.685842], [-73.972848, 40.685674999999996], [-73.972274, 40.685443], [-73.971223, 40.685021], [-73.97064, 40.682414], [-73.97174199999999, 40.682646]]",1438,         76653,1494,757,1438,518,596,144,1438,49,596,428
72,0470179.003,"[[-73.97143299999999, 40.686063999999995], [-73.97046999999999, 40.686174], [-73.96949, 40.686288], [-73.969062, 40.684157], [-73.971223, 40.685021], [-73.972274, 40.685443], [-73.972848, 40.685674999999996], [-73.973274, 40.685842], [-73.972398, 40.685953999999995], [-73.97143299999999, 40.686063999999995]]",735,         38838,790,378,735,253,274,71,735,46,274,164
73,0470181.001,"[[-73.972687, 40.687415], [-73.973126, 40.689622], [-73.97213599999999, 40.689582], [-73.971727, 40.687528], [-73.97143299999999, 40.686063999999995], [-73.972398, 40.685953999999995], [-73.972687, 40.687415]]",878,         33162,939,287,878,422,482,100,878,54,482,395
74,0470181.003,"[[-73.973648, 40.687303], [-73.97337399999999, 40.685885], [-73.973274, 40.685842], [-73.973322, 40.685621], [-73.97428099999999, 40.685513], [-73.974616, 40.687191], [-73.975106, 40.689698], [-73.974109, 40.689662999999996], [-73.973648, 40.687303]]",1172,         38258,1246,361,1172,695,732,136,1172,65,732,503
75,0470181.004,"[[-73.96949, 40.686288], [-73.97046999999999, 40.686174], [-73.97143299999999, 40.686063999999995], [-73.971727, 40.687528], [-73.97213599999999, 40.689582], [-73.971142, 40.689544], [-73.970131, 40.689506], [-73.96978299999999, 40.687751999999996], [-73.96949, 40.686288]]",999,         62882,1063,336,999,397,476,117,999,53,476,312
76,0470183.001,"[[-73.97187199999999, 40.69321], [-73.97085899999999, 40.693172], [-73.969831, 40.693135], [-73.969521, 40.691564], [-73.96910299999999, 40.689468], [-73.970131, 40.689506], [-73.971142, 40.689544], [-73.97156, 40.69164], [-73.97187199999999, 40.69321]]",1096,         69665,1196,331,1096,473,533,136,1096,92,533,452
77,0470183.002,"[[-73.97354, 40.691707], [-73.97255299999999, 40.69168], [-73.97156, 40.69164], [-73.971142, 40.689544], [-73.97213599999999, 40.689582], [-73.973126, 40.689622], [-73.97354, 40.691707]]",732,         38679,774,181,732,345,364,119,732,40,364,265
78,0470183.003,"[[-73.97156, 40.69164], [-73.97255299999999, 40.69168], [-73.97354, 40.691707], [-73.973855, 40.693287], [-73.973559, 40.693262], [-73.97332999999999, 40.693258], [-73.972911, 40.693251], [-73.97187199999999, 40.69321], [-73.97156, 40.69164]]",672,         28967,721,180,672,311,310,109,672,41,310,241
79,0470185.011,"[[-73.972911, 40.693251], [-73.97299199999999, 40.693646], [-73.973123, 40.694292999999995], [-73.973309, 40.695209999999996], [-73.97343099999999, 40.695812], [-73.973457, 40.696079999999995], [-73.972438, 40.696039999999996], [-73.972387, 40.695792999999995], [-73.97187199999999, 40.69321], [-73.972911, 40.693251]]",692,         27488,730,311,692,256,245,75,692,37,245,214
80,0470185.013,"[[-73.973928, 40.694232], [-73.974342, 40.694271], [-73.974586, 40.694286999999996], [-73.974999, 40.694275], [-73.97532799999999, 40.694202], [-73.975987, 40.694089], [-73.976188, 40.695098], [-73.97506299999999, 40.69508], [-73.975048, 40.695080999999995], [-73.97426399999999, 40.695100000000004], [-73.973309, 40.695209999999996], [-73.973123, 40.694292999999995], [-73.973928, 40.694232]]",1044,         23899,1110,777,1044,164,409,35,1044,62,409,409
81,0470185.014,"[[-73.973559, 40.693262], [-73.973855, 40.693287], [-73.97498499999999, 40.693329], [-73.975848, 40.693360999999996], [-73.975987, 40.694089], [-73.97532799999999, 40.694202], [-73.974999, 40.694275], [-73.974586, 40.694286999999996], [-73.974342, 40.694271], [-73.973928, 40.694232], [-73.973123, 40.694292999999995], [-73.97299199999999, 40.693646], [-73.972911, 40.693251], [-73.97332999999999, 40.693258], [-73.973559, 40.693262]]",882,         25401,930,622,882,132,375,23,882,44,375,373
82,0470187.001,"[[-73.97085899999999, 40.693172], [-73.97187199999999, 40.69321], [-73.972387, 40.695792999999995], [-73.972438, 40.696039999999996], [-73.96937199999999, 40.695954], [-73.96932, 40.695687], [-73.96880999999999, 40.693121], [-73.969831, 40.693135], [-73.97085899999999, 40.693172]]",1411,         80870,1506,443,1411,507,551,166,1411,84,551,397
83,0470191.002,"[[-73.96444799999999, 40.695595], [-73.96405399999999, 40.693628], [-73.964984, 40.693515], [-73.96590599999999, 40.693433], [-73.966342, 40.695575999999996], [-73.96638899999999, 40.69581], [-73.965434, 40.695941], [-73.964551, 40.696107], [-73.96444799999999, 40.695702], [-73.96444799999999, 40.695595]]",557,         43164,600,174,557,214,224,78,557,35,224,171
84,0470191.003,"[[-73.96880999999999, 40.693121], [-73.96932, 40.695687], [-73.96937199999999, 40.695954], [-73.968384, 40.695931], [-73.96638899999999, 40.69581], [-73.966342, 40.695575999999996], [-73.96590599999999, 40.693433], [-73.966881, 40.693341], [-73.967844, 40.69323], [-73.96880999999999, 40.693121]]",1040,         72780,1078,418,1040,392,435,134,1040,36,435,300
85,0470193.001,"[[-73.96073799999999, 40.692423999999995], [-73.961899, 40.6923], [-73.962211, 40.69386], [-73.96109299999999, 40.694010999999996], [-73.96015799999999, 40.694117], [-73.95984399999999, 40.69253], [-73.959428, 40.690447999999996], [-73.960293, 40.690346], [-73.96073799999999, 40.692423999999995]]",1455,         48806,1527,288,1455,507,474,171,1455,63,474,445
86,0470193.003,"[[-73.96073799999999, 40.692423999999995], [-73.960293, 40.690346], [-73.962392, 40.690106], [-73.965188, 40.689782], [-73.96560000000001, 40.691871], [-73.961899, 40.6923], [-73.96073799999999, 40.692423999999995]]",852,         97875,890,47,852,241,173,66,852,35,173,171
87,0470193.004,"[[-73.96560000000001, 40.691871], [-73.96590599999999, 40.693433], [-73.964984, 40.693515], [-73.96405399999999, 40.693628], [-73.963127, 40.693733], [-73.962211, 40.69386], [-73.961899, 40.6923], [-73.96560000000001, 40.691871]]",1564,         54775,1636,688,1564,446,554,56,1564,66,554,44
88,0470195.001,"[[-73.966566, 40.691756], [-73.966881, 40.693341], [-73.96590599999999, 40.693433], [-73.96560000000001, 40.691871], [-73.965188, 40.689782], [-73.966135, 40.689673], [-73.966566, 40.691756]]",643,         33807,685,153,643,317,338,76,643,36,338,250
89,0470195.003,"[[-73.967531, 40.691643], [-73.96711499999999, 40.689561], [-73.96807799999999, 40.689451999999996], [-73.968493, 40.691545], [-73.96880999999999, 40.693121], [-73.967844, 40.69323], [-73.967531, 40.691643]]",1231,         33879,1304,710,1231,448,650,99,1231,61,650,237
90,0470195.004,"[[-73.96910299999999, 40.689468], [-73.969521, 40.691564], [-73.969831, 40.693135], [-73.96880999999999, 40.693121], [-73.968493, 40.691545], [-73.96807799999999, 40.689451999999996], [-73.96910299999999, 40.689468]]",697,         35196,730,304,697,299,347,84,697,29,347,263
91,0470197.002,"[[-73.96446999999999, 40.686865], [-73.965525, 40.686744], [-73.965822, 40.688209], [-73.96481, 40.688325999999996], [-73.962836, 40.688555], [-73.962694, 40.687819], [-73.962547, 40.687089], [-73.963509, 40.686977], [-73.96446999999999, 40.686865]]",837,         41958,889,322,837,389,375,127,837,41,375,266
92,0470197.003,"[[-73.965525, 40.686744], [-73.96652999999999, 40.686627], [-73.96749299999999, 40.686518], [-73.968491, 40.686403], [-73.96949, 40.686288], [-73.96978299999999, 40.687751999999996], [-73.968785, 40.687868], [-73.967788, 40.687984], [-73.966821, 40.688088], [-73.965822, 40.688209], [-73.965525, 40.686744]]",1154,         55726,1223,645,1154,396,607,79,1154,57,607,231
93,0470197.004,"[[-73.968785, 40.687868], [-73.96978299999999, 40.687751999999996], [-73.970131, 40.689506], [-73.96910299999999, 40.689468], [-73.96807799999999, 40.689451999999996], [-73.96711499999999, 40.689561], [-73.966821, 40.688088], [-73.967788, 40.687984], [-73.968785, 40.687868]]",931,         44381,1011,415,931,381,500,78,931,70,500,307
94,0470199.001,"[[-73.96749299999999, 40.686518], [-73.96652999999999, 40.686627], [-73.965525, 40.686744], [-73.965082, 40.684546], [-73.967056, 40.684318999999995], [-73.96749299999999, 40.686518]]",566,         41586,609,239,566,183,272,46,566,37,272,150
95,0470199.003,"[[-73.96892199999999, 40.684101999999996], [-73.96795999999999, 40.683726], [-73.96688999999999, 40.683482999999995], [-73.964779, 40.68304], [-73.964454, 40.681125], [-73.96654, 40.681557999999995], [-73.967477, 40.681754], [-73.96866399999999, 40.682], [-73.969062, 40.684157], [-73.96892199999999, 40.684101999999996]]",518,         74712,540,253,518,265,282,70,518,20,282,231
96,0470199.004,"[[-73.968491, 40.686403], [-73.96749299999999, 40.686518], [-73.967056, 40.684318999999995], [-73.968054, 40.684205], [-73.96892199999999, 40.684101999999996], [-73.969062, 40.684157], [-73.96949, 40.686288], [-73.968491, 40.686403]]",1138,         42079,1190,586,1138,484,566,89,1138,50,566,467
97,0470201.001,"[[-73.963509, 40.686977], [-73.962547, 40.687089], [-73.962107, 40.684891], [-73.961671, 40.682691], [-73.96161099999999, 40.682375], [-73.962611, 40.682587], [-73.963072, 40.684779999999996], [-73.963509, 40.686977]]",662,         41867,707,321,662,287,323,75,662,40,323,216
98,0470201.002,"[[-73.964779, 40.68304], [-73.963664, 40.682807], [-73.962611, 40.682587], [-73.96161099999999, 40.682375], [-73.961424, 40.681433999999996], [-73.96131199999999, 40.680456], [-73.964454, 40.681125], [-73.964779, 40.68304]]",858,         55154,909,374,858,375,415,101,858,48,415,288
99,0470201.004,"[[-73.965525, 40.686744], [-73.96446999999999, 40.686865], [-73.963509, 40.686977], [-73.963072, 40.684779999999996], [-73.964033, 40.684667999999995], [-73.965082, 40.684546], [-73.965525, 40.686744]]",906,         42482,937,409,906,394,459,105,906,31,459,338
100,0470203.001,"[[-73.962229, 40.678166], [-73.96390099999999, 40.678517], [-73.965341, 40.678818], [-73.96506699999999, 40.679586], [-73.96479, 40.680353], [-73.964454, 40.681125], [-73.96131199999999, 40.680456], [-73.96168, 40.679702], [-73.961957, 40.678934], [-73.962229, 40.678166]]",884,         72833,919,335,884,275,341,91,884,34,341,213
101,0470203.002,"[[-73.96767799999999, 40.680955], [-73.967477, 40.681754], [-73.96654, 40.681557999999995], [-73.964454, 40.681125], [-73.96479, 40.680353], [-73.96506699999999, 40.679586], [-73.965341, 40.678818], [-73.968227, 40.679421999999995], [-73.96795399999999, 40.680189], [-73.96767799999999, 40.680955]]",813,         68015,859,304,813,306,310,98,813,45,310,220
102,0470211.001,"[[-73.980632, 40.696346], [-73.980515, 40.697437], [-73.980544, 40.698246], [-73.976787, 40.698087], [-73.976407, 40.696191999999996], [-73.977375, 40.696242999999996], [-73.978376, 40.696355], [-73.979497, 40.696337], [-73.980632, 40.696346]]",523,         68801,535,452,523,92,214,21,523,12,214,170
103,0470211.002,"[[-73.969728, 40.697804], [-73.96937199999999, 40.695954], [-73.972438, 40.696039999999996], [-73.973457, 40.696079999999995], [-73.976407, 40.696191999999996], [-73.976787, 40.698087], [-73.969728, 40.697804]]",687,        123625,734,149,687,201,283,55,687,44,283,227
104,0470221.001,"[[-73.952687, 40.676245], [-73.95307, 40.676252], [-73.955749, 40.676807], [-73.95547499999999, 40.677575999999995], [-73.955195, 40.678343], [-73.955167, 40.678571], [-73.95528999999999, 40.679202], [-73.952987, 40.678722], [-73.952812, 40.677845], [-73.95272, 40.677029999999995], [-73.952687, 40.676245]]",1630,         60523,1698,1144,1630,451,603,100,1630,61,603,555
105,0470227.001,"[[-73.95380899999999, 40.682848], [-73.953662, 40.682114999999996], [-73.953516, 40.681383], [-73.95337099999999, 40.680641], [-73.955666, 40.681137], [-73.95611199999999, 40.683333], [-73.953954, 40.683581], [-73.95380899999999, 40.682848]]",903,         53211,951,704,903,329,360,90,903,45,360,283
106,0470227.002,"[[-73.95528999999999, 40.679202], [-73.95602199999999, 40.679359], [-73.958292, 40.679831], [-73.958246, 40.679984999999995], [-73.958586, 40.681743], [-73.955666, 40.681137], [-73.95337099999999, 40.680641], [-73.95528999999999, 40.679202]]",852,         67450,873,614,852,294,377,85,852,20,377,311
107,0470231.002,"[[-73.959423, 40.685950999999996], [-73.959276, 40.685217], [-73.95884099999999, 40.683018], [-73.959785, 40.682908999999995], [-73.96022099999999, 40.685109], [-73.96115499999999, 40.685001], [-73.962107, 40.684891], [-73.962547, 40.687089], [-73.95971399999999, 40.687416], [-73.95956799999999, 40.686682999999995], [-73.959423, 40.685950999999996]]",1253,         79722,1314,681,1253,493,579,146,1253,56,579,399
108,0470231.003,"[[-73.96115499999999, 40.685001], [-73.96022099999999, 40.685109], [-73.959785, 40.682908999999995], [-73.960718, 40.682801999999995], [-73.961671, 40.682691], [-73.962107, 40.684891], [-73.96115499999999, 40.685001]]",675,         39835,716,391,675,289,325,84,675,36,325,260
109,0470233.001,"[[-73.95971399999999, 40.687416], [-73.959859, 40.688148], [-73.96000599999999, 40.688880999999995], [-73.957274, 40.689192], [-73.956841, 40.686996], [-73.95956799999999, 40.686682999999995], [-73.95971399999999, 40.687416]]",863,         57539,904,450,863,335,334,104,863,34,334,221
110,0470233.002,"[[-73.958578, 40.690546], [-73.957272, 40.690694], [-73.957056, 40.689456], [-73.957274, 40.689192], [-73.96000599999999, 40.688880999999995], [-73.960293, 40.690346], [-73.959428, 40.690447999999996], [-73.958578, 40.690546]]",2736,         42080,2875,2046,2736,242,869,65,2736,125,869,868
111,0470235.001,"[[-73.95899299999999, 40.692628], [-73.957681, 40.692779], [-73.955826, 40.692993], [-73.95541, 40.690908], [-73.957272, 40.690694], [-73.958578, 40.690546], [-73.959428, 40.690447999999996], [-73.95984399999999, 40.69253], [-73.95899299999999, 40.692628]]",2145,         80377,2267,483,2145,783,782,275,2145,110,782,622
112,0470235.002,"[[-73.957681, 40.692779], [-73.95899299999999, 40.692628], [-73.95984399999999, 40.69253], [-73.96015799999999, 40.694117], [-73.959311, 40.694215], [-73.95799699999999, 40.694365999999995], [-73.956143, 40.694579], [-73.955826, 40.692993], [-73.957681, 40.692779]]",1783,         61197,1816,217,1783,226,413,91,1783,32,413,368
113,0470241.001,"[[-73.952193, 40.693526], [-73.95217199999999, 40.693419], [-73.95190199999999, 40.692063], [-73.951757, 40.69133], [-73.95541, 40.690908], [-73.955826, 40.692993], [-73.956143, 40.694579], [-73.955197, 40.694688], [-73.954307, 40.694790999999995], [-73.952489, 40.695004], [-73.952193, 40.693526]]",1320,        128808,1363,319,1320,664,546,208,1320,36,546,460
114,0470243.002,"[[-73.95117499999999, 40.6884], [-73.951028, 40.687667], [-73.95088299999999, 40.686932999999996], [-73.954538, 40.686512], [-73.954684, 40.687245], [-73.954829, 40.687977], [-73.95117499999999, 40.6884]]",1322,         51456,1369,956,1322,431,609,102,1322,42,609,492
115,0470243.003,"[[-73.95088299999999, 40.686932999999996], [-73.950737, 40.6862], [-73.95058999999999, 40.685466999999996], [-73.954246, 40.685047], [-73.954393, 40.68578], [-73.954538, 40.686512], [-73.95088299999999, 40.686932999999996]]",1235,         51446,1281,816,1235,430,559,104,1235,40,559,472
116,0470245.002,"[[-73.953662, 40.682114999999996], [-73.95380899999999, 40.682848], [-73.953954, 40.683581], [-73.950299, 40.684000999999995], [-73.950155, 40.683268999999996], [-73.950009, 40.682536999999996], [-73.953662, 40.682114999999996]]",1547,         51403,1584,1172,1547,454,654,123,1547,31,654,535
117,0470245.003,"[[-73.950009, 40.682536999999996], [-73.949861, 40.681804], [-73.953516, 40.681383], [-73.953662, 40.682114999999996], [-73.950009, 40.682536999999996]]",658,         25702,689,495,658,255,336,62,658,26,336,264
118,0470247.002,"[[-73.95528999999999, 40.679202], [-73.95337099999999, 40.680641], [-73.949557, 40.680389999999996], [-73.949585, 40.679635999999995], [-73.949679, 40.678543], [-73.952987, 40.678722], [-73.95528999999999, 40.679202]]",1002,         85531,1036,715,1002,382,439,85,1002,25,439,386
119,0470249.002,"[[-73.950009, 40.682536999999996], [-73.950155, 40.683268999999996], [-73.950299, 40.684000999999995], [-73.947017, 40.68438], [-73.946873, 40.683645999999996], [-73.946727, 40.682914], [-73.950009, 40.682536999999996]]",1244,         46165,1283,1088,1244,340,566,79,1244,34,566,440
120,0470249.004,"[[-73.946749, 40.68024], [-73.949557, 40.680389999999996], [-73.949715, 40.68107], [-73.946437, 40.681449], [-73.946286, 40.680718999999996], [-73.946274, 40.680212999999995], [-73.946749, 40.68024]]",493,         30020,524,403,493,166,232,31,493,28,232,200
121,0470251.002,"[[-73.95088299999999, 40.686932999999996], [-73.951028, 40.687667], [-73.95117499999999, 40.6884], [-73.947893, 40.688776], [-73.94774799999999, 40.688044], [-73.947602, 40.687311], [-73.95088299999999, 40.686932999999996]]",1495,         46179,1562,1098,1495,341,588,77,1495,63,588,568
122,0470251.003,"[[-73.95058999999999, 40.685466999999996], [-73.950737, 40.6862], [-73.95088299999999, 40.686932999999996], [-73.947602, 40.687311], [-73.947456, 40.686578], [-73.94731, 40.685846], [-73.95058999999999, 40.685466999999996]]",1204,         46172,1252,1011,1204,250,435,75,1204,45,435,375
123,0470253.001,"[[-73.949207, 40.695378], [-73.948914, 40.693905], [-73.952193, 40.693526], [-73.952489, 40.695004], [-73.949207, 40.695378]]",1174,         46473,1231,728,1174,394,504,127,1174,52,504,422
124,0470253.002,"[[-73.95190199999999, 40.692063], [-73.95217199999999, 40.693419], [-73.952193, 40.693526], [-73.948914, 40.693905], [-73.948622, 40.69244], [-73.95190199999999, 40.692063]]",1093,         46117,1149,821,1093,339,481,93,1093,47,481,361
125,0470255.002,"[[-73.9495, 40.696847], [-73.949207, 40.695378], [-73.952489, 40.695004], [-73.952925, 40.697204], [-73.949647, 40.697583], [-73.9495, 40.696847]]",2211,         69348,2342,1239,2211,205,755,54,2211,119,755,753
126,0470523.001,"[[-73.95800299999999, 40.710864], [-73.957535, 40.711608999999996], [-73.95680999999999, 40.712756], [-73.95547599999999, 40.712266], [-73.956199, 40.711113], [-73.956859, 40.710452], [-73.958418, 40.7102], [-73.95800299999999, 40.710864]]",1590,         32708,1681,140,1590,585,655,188,1590,86,655,641
127,0470523.002,"[[-73.959533, 40.711424], [-73.959064, 40.712165999999996], [-73.957535, 40.711608999999996], [-73.95800299999999, 40.710864], [-73.958418, 40.7102], [-73.960388, 40.710056], [-73.959943, 40.710786999999996], [-73.959533, 40.711424]]",1255,         31126,1334,81,1255,439,485,167,1255,74,485,437
128,0470523.004,"[[-73.960561, 40.712713], [-73.959797, 40.713887], [-73.958342, 40.713305999999996], [-73.959064, 40.712165999999996], [-73.960561, 40.712713]]",656,         20026,717,48,656,204,238,62,656,60,238,209
129,0470523.005,"[[-73.958342, 40.713305999999996], [-73.95680999999999, 40.712756], [-73.957535, 40.711608999999996], [-73.959064, 40.712165999999996], [-73.958342, 40.713305999999996]]",754,         20187,843,57,754,256,333,72,754,63,333,280
130,0470525.001,"[[-73.959938, 40.707406999999996], [-73.96114399999999, 40.707524], [-73.960984, 40.708357], [-73.960825, 40.709168999999996], [-73.962414, 40.709351999999996], [-73.96229199999999, 40.709921], [-73.962, 40.710432999999995], [-73.961238, 40.710234], [-73.960388, 40.710056], [-73.958418, 40.7102], [-73.956859, 40.710452], [-73.957061, 40.709758], [-73.957488, 40.70908], [-73.957904, 40.708427], [-73.958152, 40.708041], [-73.95838499999999, 40.707676], [-73.958456, 40.707252], [-73.959395, 40.707352], [-73.959938, 40.707406999999996]]",2170,        100122,2219,242,2170,514,829,112,2170,48,829,810
131,0470535.003,"[[-73.961854, 40.704786], [-73.962485, 40.705352], [-73.963098, 40.7059], [-73.96136299999999, 40.706997], [-73.96076699999999, 40.706464], [-73.960138, 40.705898], [-73.961854, 40.704786]]",726,         30717,738,8,726,28,181,8,726,10,181,168
132,0470535.004,"[[-73.962743, 40.707685], [-73.962131, 40.707623], [-73.96114399999999, 40.707524], [-73.959938, 40.707406999999996], [-73.959395, 40.707352], [-73.96076699999999, 40.706464], [-73.96136299999999, 40.706997], [-73.963098, 40.7059], [-73.963745, 40.706479], [-73.964393, 40.707056], [-73.964849, 40.707454], [-73.964421, 40.707533999999995], [-73.963278, 40.707729], [-73.962743, 40.707685]]",1312,         45489,1330,7,1312,84,364,24,1312,17,364,287
133,0470001.001,"[[-73.99552299999999, 40.703258], [-73.994908, 40.703047], [-73.994709, 40.702994], [-73.99444, 40.702909], [-73.994177, 40.702825], [-73.993267, 40.702435], [-73.992612, 40.702061], [-73.992747, 40.701758999999996], [-73.992852, 40.701634999999996], [-73.992905, 40.70146], [-73.993054, 40.701136999999996], [-73.99336, 40.700486], [-73.993672, 40.699836], [-73.995379, 40.700309], [-73.99600099999999, 40.699007], [-73.99667699999999, 40.699203], [-73.99793, 40.699580999999995], [-73.997641, 40.700156], [-73.995657, 40.702850999999995], [-73.995627, 40.702891], [-73.99552299999999, 40.703258]]",580,        110335,587,14,580,195,277,52,580,7,277,119
134,0470001.003,"[[-73.99145399999999, 40.700691], [-73.991759, 40.700049], [-73.992075, 40.699391999999996], [-73.99271, 40.698097], [-73.994292, 40.698535], [-73.993672, 40.699836], [-73.99336, 40.700486], [-73.993054, 40.701136999999996], [-73.992905, 40.70146], [-73.992852, 40.701634999999996], [-73.992747, 40.701758999999996], [-73.992612, 40.702061], [-73.992221, 40.701778], [-73.99128999999999, 40.701049], [-73.99145399999999, 40.700691]]",1355,         55040,1387,76,1355,655,807,110,1355,31,807,484
135,0470001.004,"[[-73.99212399999999, 40.697224], [-73.99302, 40.69746], [-73.99271, 40.698097], [-73.992075, 40.699391999999996], [-73.991759, 40.700049], [-73.99145399999999, 40.700691], [-73.99128999999999, 40.701049], [-73.990935, 40.700767], [-73.99103099999999, 40.699844999999996], [-73.991365, 40.69701], [-73.99212399999999, 40.697224]]",1464,         34489,1513,293,1464,588,877,58,1464,42,877,146
136,0470003.012,"[[-73.994292, 40.698535], [-73.99460499999999, 40.697888], [-73.99532599999999, 40.696377999999996], [-73.995547, 40.695892], [-73.99641299999999, 40.696131], [-73.99545599999999, 40.698121], [-73.995145, 40.698774], [-73.994292, 40.698535]]",1302,         23973,1319,98,1302,346,478,64,1302,17,478,230
137,0470003.014,"[[-73.997609, 40.693601], [-73.999201, 40.693867], [-74.000025, 40.694097], [-74.000621, 40.694012], [-74.000446, 40.694947], [-74.000424, 40.694995], [-73.999946, 40.696047], [-73.999651, 40.696479], [-73.999121, 40.69618], [-73.998257, 40.695898], [-73.998521, 40.695346], [-73.998227, 40.695189], [-73.997699, 40.694983], [-73.996197, 40.694507], [-73.99671599999999, 40.693439], [-73.997609, 40.693601]]",744,         65475,772,30,744,256,396,40,744,28,396,165
138,0470003.015,"[[-73.998257, 40.695898], [-73.999121, 40.69618], [-73.999651, 40.696479], [-73.999608, 40.696574999999996], [-73.999246, 40.697148], [-73.99918699999999, 40.697278], [-73.998846, 40.698046], [-73.998789, 40.698149], [-73.998409, 40.698834], [-73.998346, 40.698946], [-73.997945, 40.699549999999995], [-73.99793, 40.699580999999995], [-73.99667699999999, 40.699203], [-73.99600099999999, 40.699007], [-73.99630499999999, 40.698358], [-73.997157, 40.696331], [-73.997078, 40.696311], [-73.997699, 40.694983], [-73.998227, 40.695189], [-73.998521, 40.695346], [-73.998257, 40.695898]]",479,         80750,496,18,479,156,259,18,479,15,259,98
139,0470005.012,"[[-73.993978, 40.695463], [-73.994298, 40.694792], [-73.99585499999999, 40.695221], [-73.995547, 40.695892], [-73.99532599999999, 40.696377999999996], [-73.993785, 40.69587], [-73.993978, 40.695463]]",1036,         18550,1059,46,1036,414,582,68,1036,23,582,410
140,0470005.013,"[[-73.99508, 40.693146999999996], [-73.995925, 40.693301], [-73.99671599999999, 40.693439], [-73.996197, 40.694507], [-73.99585499999999, 40.695221], [-73.994298, 40.694792], [-73.994619, 40.69412], [-73.99508, 40.693146999999996]]",794,         28381,819,10,794,330,444,60,794,25,444,224
141,0470005.021,"[[-73.99307999999999, 40.695217], [-73.993978, 40.695463], [-73.993785, 40.69587], [-73.99302, 40.69746], [-73.99212399999999, 40.697224], [-73.991365, 40.69701], [-73.991298, 40.696579], [-73.990746, 40.695034], [-73.990663, 40.694561], [-73.99210000000001, 40.694947], [-73.99307999999999, 40.695217]]",1384,         52831,1434,91,1384,672,826,105,1384,50,826,379
142,0470007.001,"[[-73.99749, 40.691851], [-73.99672699999999, 40.691638999999995], [-73.995914, 40.691416], [-73.996233, 40.690757999999995], [-73.997793, 40.691188], [-74.000495, 40.691938], [-74.001881, 40.692476], [-74.00154599999999, 40.693146999999996], [-74.001425, 40.693217], [-74.000688, 40.693645], [-74.000625, 40.693991], [-74.000621, 40.694012], [-74.000025, 40.694097], [-73.999201, 40.693867], [-73.997609, 40.693601], [-73.998339, 40.692087], [-73.99749, 40.691851]]",1144,         82611,1202,88,1144,511,613,118,1144,57,613,443
143,0470007.002,"[[-73.995925, 40.693301], [-73.99508, 40.693146999999996], [-73.995914, 40.691416], [-73.99672699999999, 40.691638999999995], [-73.99749, 40.691851], [-73.998339, 40.692087], [-73.997609, 40.693601], [-73.99671599999999, 40.693439], [-73.995925, 40.693301]]",977,         41879,999,24,977,306,471,65,977,19,471,253
144,0470009.001,"[[-73.99072799999999, 40.693048], [-73.990972, 40.692549], [-73.98947299999999, 40.692296], [-73.98896599999999, 40.692099], [-73.989328, 40.691002], [-73.98973699999999, 40.69036], [-73.991742, 40.690993], [-73.993736, 40.691534999999995], [-73.993438, 40.692153999999995], [-73.99310299999999, 40.692845999999996], [-73.992744, 40.693605], [-73.99210000000001, 40.694947], [-73.990663, 40.694561], [-73.990447, 40.693735], [-73.99072799999999, 40.693048]]",2383,        107197,2508,134,2383,1009,1232,238,2383,112,1232,678
145,0470543.001,"[[-73.965204, 40.702622999999996], [-73.963869, 40.701541999999996], [-73.962524, 40.700472999999995], [-73.96217899999999, 40.700221], [-73.962839, 40.698039], [-73.965774, 40.697635999999996], [-73.969728, 40.697804], [-73.976787, 40.698087], [-73.980544, 40.698246], [-73.980462, 40.699703], [-73.98045499999999, 40.700852], [-73.980729, 40.701268], [-73.980649, 40.701561], [-73.98022399999999, 40.703063], [-73.97998799999999, 40.703541], [-73.979328, 40.704746], [-73.979233, 40.705769], [-73.974546, 40.707547], [-73.972146, 40.708946999999995], [-73.970045, 40.706947], [-73.969445, 40.706846999999996], [-73.969157, 40.707027], [-73.96913099999999, 40.707029], [-73.968389, 40.706829], [-73.967951, 40.705731], [-73.96761599999999, 40.704961], [-73.96721, 40.704256], [-73.96607399999999, 40.70332], [-73.965204, 40.702622999999996]]",7,        949912,7,0,7,0,1,0,7,0,1,0
146,0470545.002,"[[-73.96721, 40.704256], [-73.96761599999999, 40.704961], [-73.967951, 40.705731], [-73.968389, 40.706829], [-73.967289, 40.707001999999996], [-73.96672699999999, 40.705523], [-73.966325, 40.70483], [-73.96721, 40.704256]]",1120,         26009,1122,0,1120,20,187,4,1120,2,187,167
147,0470545.004,"[[-73.963745, 40.706479], [-73.965093, 40.705633999999996], [-73.965672, 40.706202999999995], [-73.964393, 40.707056], [-73.963745, 40.706479]]",573,         11951,573,4,573,2,104,0,573,0,104,69
148,0470547.001,"[[-73.965938, 40.708197], [-73.96432899999999, 40.708014999999996], [-73.964421, 40.707533999999995], [-73.964849, 40.707454], [-73.965932, 40.707243999999996], [-73.967289, 40.707001999999996], [-73.968389, 40.706829], [-73.968423, 40.707755999999996], [-73.967383, 40.707637], [-73.96710399999999, 40.709053999999995], [-73.965801, 40.708901999999995], [-73.965938, 40.708197]]",1191,         42181,1217,244,1191,288,438,90,1191,25,438,418
149,0470547.003,"[[-73.96564099999999, 40.709717], [-73.964027, 40.709534], [-73.962414, 40.709351999999996], [-73.96257299999999, 40.708535], [-73.964185, 40.70872], [-73.965801, 40.708901999999995], [-73.96710399999999, 40.709053999999995], [-73.967383, 40.707637], [-73.968423, 40.707755999999996], [-73.968389, 40.706829], [-73.96913099999999, 40.707029], [-73.969157, 40.707027], [-73.969445, 40.706846999999996], [-73.96984499999999, 40.709047], [-73.969584, 40.71017], [-73.968524, 40.710046], [-73.966949, 40.709865], [-73.96564099999999, 40.709717]]",2598,        100305,2706,178,2598,328,740,94,2598,93,740,563
150,0470549.001,"[[-73.964027, 40.709534], [-73.96564099999999, 40.709717], [-73.966949, 40.709865], [-73.968524, 40.710046], [-73.968524, 40.71082], [-73.96677799999999, 40.710626999999995], [-73.965492, 40.710482], [-73.963135, 40.710204], [-73.96229199999999, 40.709921], [-73.962414, 40.709351999999996], [-73.964027, 40.709534]]",2016,         44430,2073,94,2016,368,630,102,2016,48,630,383
151,0470549.002,"[[-73.96229199999999, 40.709921], [-73.963135, 40.710204], [-73.965492, 40.710482], [-73.96677799999999, 40.710626999999995], [-73.968524, 40.71082], [-73.968524, 40.710046], [-73.969584, 40.71017], [-73.96905, 40.712482], [-73.968469, 40.712998999999996], [-73.96578099999999, 40.712861], [-73.964462, 40.712458999999996], [-73.962942, 40.711905], [-73.961421, 40.711349], [-73.962, 40.710432999999995], [-73.96229199999999, 40.709921]]",1106,        150688,1153,46,1106,768,515,246,1106,44,515,473
152,0470551.001,"[[-73.962777, 40.715106], [-73.963601, 40.713826], [-73.96407099999999, 40.713079], [-73.964462, 40.712458999999996], [-73.96578099999999, 40.712861], [-73.968469, 40.712998999999996], [-73.96837, 40.714127], [-73.968041, 40.714966], [-73.967716, 40.71604], [-73.967578, 40.716496], [-73.966639, 40.716364999999996], [-73.964472, 40.715733], [-73.962777, 40.715106]]",898,        140278,926,65,898,386,404,141,898,24,404,291
153,0470551.003,"[[-73.962081, 40.713269], [-73.962552, 40.712526], [-73.96407099999999, 40.713079], [-73.963601, 40.713826], [-73.962777, 40.715106], [-73.961287, 40.714501999999996], [-73.962081, 40.713269]]",1156,         35225,1214,103,1156,555,534,185,1156,57,534,457
154,0470551.004,"[[-73.962942, 40.711905], [-73.964462, 40.712458999999996], [-73.96407099999999, 40.713079], [-73.962552, 40.712526], [-73.961029, 40.711968999999996], [-73.961421, 40.711349], [-73.962942, 40.711905]]",1347,         21779,1410,94,1347,432,544,148,1347,61,544,491
155,0470553.001,"[[-73.95762599999999, 40.715927], [-73.95822299999999, 40.715374], [-73.95951099999999, 40.716172], [-73.958913, 40.716727999999996], [-73.957725, 40.717835], [-73.95713099999999, 40.718388], [-73.955844, 40.717589], [-73.956439, 40.717031999999996], [-73.957031, 40.716483], [-73.95762599999999, 40.715927]]",898,         44615,924,17,898,527,484,153,898,23,484,371
156,0470553.003,"[[-73.957725, 40.717835], [-73.958913, 40.716727999999996], [-73.95951099999999, 40.716172], [-73.960139, 40.715582999999995], [-73.961423, 40.716384], [-73.960791, 40.716972999999996], [-73.959009, 40.718636], [-73.958416, 40.719189], [-73.95713099999999, 40.718388], [-73.957725, 40.717835]]",687,         56377,710,15,687,400,335,114,687,19,335,297
157,0470555.001,"[[-73.965086, 40.719581], [-73.96355, 40.721571], [-73.96172, 40.72032], [-73.959009, 40.718636], [-73.960791, 40.716972999999996], [-73.961423, 40.716384], [-73.962289, 40.715579999999996], [-73.962777, 40.715106], [-73.964472, 40.715733], [-73.966639, 40.716364999999996], [-73.967578, 40.716496], [-73.966836, 40.717563999999996], [-73.966511, 40.717917], [-73.965704, 40.718779], [-73.965086, 40.719581]]",1959,        261679,2039,115,1959,924,905,279,1959,79,905,708
158,0470009.002,"[[-73.991742, 40.690993], [-73.98973699999999, 40.69036], [-73.990166, 40.689729], [-73.990648, 40.68913], [-73.992364, 40.68969], [-73.994361, 40.690239], [-73.993736, 40.691534999999995], [-73.991742, 40.690993]]",1789,         54178,1895,138,1789,567,733,133,1789,95,733,536
159,0470011.001,"[[-73.98896599999999, 40.692099], [-73.98947299999999, 40.692296], [-73.990972, 40.692549], [-73.99072799999999, 40.693048], [-73.990447, 40.693735], [-73.990663, 40.694561], [-73.990746, 40.695034], [-73.99009199999999, 40.695074], [-73.987162, 40.694961], [-73.985143, 40.694885], [-73.985199, 40.693715999999995], [-73.98527899999999, 40.692158], [-73.98536299999999, 40.690667], [-73.98633099999999, 40.69105], [-73.987348, 40.691458], [-73.98896599999999, 40.692099]]",84,        168510,86,20,84,29,39,4,84,2,39,39
160,0470013.001,"[[-73.98496, 40.698445], [-73.985084, 40.696052], [-73.985143, 40.694885], [-73.987162, 40.694961], [-73.99009199999999, 40.695074], [-73.990746, 40.695034], [-73.991298, 40.696579], [-73.991365, 40.69701], [-73.99103099999999, 40.699844999999996], [-73.990935, 40.700767], [-73.990096, 40.700700000000005], [-73.98973, 40.700734], [-73.98868399999999, 40.700699], [-73.98693999999999, 40.698781], [-73.986969, 40.698504], [-73.98616, 40.698479], [-73.98571199999999, 40.69845], [-73.985379, 40.69844], [-73.98496, 40.698445]]",1564,        269053,1615,231,1564,726,977,77,1564,45,977,131
161,0470015.001,"[[-73.985143, 40.694885], [-73.985084, 40.696052], [-73.98496, 40.698445], [-73.983051, 40.698378], [-73.98311799999999, 40.697542], [-73.982235, 40.697505], [-73.98245299999999, 40.694796], [-73.98326399999999, 40.694814], [-73.985143, 40.694885]]",900,         83927,929,236,900,432,388,126,900,29,388,275
162,0470015.003,"[[-73.982132, 40.691227], [-73.981476, 40.689931], [-73.98313399999999, 40.690003], [-73.98371999999999, 40.690007], [-73.98536299999999, 40.690667], [-73.98527899999999, 40.692158], [-73.985199, 40.693715999999995], [-73.985143, 40.694885], [-73.98326399999999, 40.694814], [-73.98245299999999, 40.694796], [-73.982512, 40.693614], [-73.98254, 40.693002], [-73.981759, 40.692955], [-73.981791, 40.692025], [-73.98179, 40.691645], [-73.982132, 40.691227]]",1127,        139914,1200,253,1127,454,523,126,1127,69,523,361
163,0470021.001,"[[-73.994709, 40.702994], [-73.994908, 40.703047], [-73.99552299999999, 40.703258], [-73.994648, 40.704135], [-73.994588, 40.704194], [-73.99365499999999, 40.704702], [-73.989519, 40.705118], [-73.989345, 40.704729], [-73.989525, 40.704961999999995], [-73.989537, 40.70386], [-73.989583, 40.7032], [-73.98973, 40.700734], [-73.990096, 40.700700000000005], [-73.990935, 40.700767], [-73.99128999999999, 40.701049], [-73.992221, 40.701778], [-73.992612, 40.702061], [-73.993267, 40.702435], [-73.994177, 40.702825], [-73.99444, 40.702909], [-73.994709, 40.702994]]",1281,        136842,1330,47,1281,306,554,98,1281,46,554,162
164,0470021.002,"[[-73.98660799999999, 40.703756999999996], [-73.98669, 40.702422999999996], [-73.986784, 40.701119999999996], [-73.986794, 40.700626], [-73.98868399999999, 40.700699], [-73.98973, 40.700734], [-73.989583, 40.7032], [-73.989537, 40.70386], [-73.989525, 40.704961999999995], [-73.989345, 40.704729], [-73.989519, 40.705118], [-73.987546, 40.704747], [-73.98619099999999, 40.704812], [-73.986222, 40.704333999999996], [-73.98660799999999, 40.703756999999996]]",1529,        114303,1610,188,1529,438,619,136,1529,78,619,376
165,0470021.003,"[[-73.986794, 40.700626], [-73.986784, 40.701119999999996], [-73.98669, 40.702422999999996], [-73.98660799999999, 40.703756999999996], [-73.986222, 40.704333999999996], [-73.98619099999999, 40.704812], [-73.98404, 40.704892], [-73.979233, 40.705769], [-73.979328, 40.704746], [-73.97998799999999, 40.703541], [-73.98022399999999, 40.703063], [-73.980649, 40.701561], [-73.980729, 40.701268], [-73.98285, 40.701359], [-73.98582499999999, 40.700598], [-73.986794, 40.700626]]",794,        243412,823,39,794,377,400,134,794,28,400,282
166,0470023.002,"[[-73.980729, 40.701268], [-73.98045499999999, 40.700852], [-73.980462, 40.699703], [-73.98293199999999, 40.699771999999996], [-73.98285, 40.701359], [-73.980729, 40.701268]]",1549,         35375,1625,1022,1549,146,545,41,1549,68,545,544
167,0470023.003,"[[-73.98311799999999, 40.697542], [-73.983051, 40.698378], [-73.98496, 40.698445], [-73.985379, 40.69844], [-73.98571199999999, 40.69845], [-73.98616, 40.698479], [-73.986969, 40.698504], [-73.98693999999999, 40.698781], [-73.986864, 40.69922], [-73.986813, 40.699956], [-73.986532, 40.699923999999996], [-73.984776, 40.699853999999995], [-73.983749, 40.699797], [-73.98293199999999, 40.699771999999996], [-73.980462, 40.699703], [-73.980544, 40.698246], [-73.980515, 40.697437], [-73.982235, 40.697505], [-73.98311799999999, 40.697542]]",1143,        104846,1186,723,1143,131,418,18,1143,41,418,417
168,0470029.011,"[[-73.978376, 40.696355], [-73.978351, 40.696276], [-73.978343, 40.696225999999996], [-73.978094, 40.694623], [-73.97782699999999, 40.693438], [-73.979168, 40.693489], [-73.980139, 40.694683], [-73.980356, 40.696177999999996], [-73.98037099999999, 40.696262999999995], [-73.980632, 40.696346], [-73.979497, 40.696337], [-73.978376, 40.696355]]",2196,         51193,2278,1330,2196,290,858,53,2196,79,858,853
169,0470031.002,"[[-73.981476, 40.689931], [-73.982132, 40.691227], [-73.98179, 40.691645], [-73.981791, 40.692025], [-73.97894699999999, 40.691921], [-73.978624, 40.689831], [-73.981476, 40.689931]]",589,         59468,630,310,589,0,0,0,589,36,0,0
170,0470031.003,"[[-73.975848, 40.693360999999996], [-73.97498499999999, 40.693329], [-73.973855, 40.693287], [-73.97354, 40.691707], [-73.973126, 40.689622], [-73.974109, 40.689662999999996], [-73.975106, 40.689698], [-73.977098, 40.689772999999995], [-73.978624, 40.689831], [-73.97894699999999, 40.691921], [-73.97754499999999, 40.691896], [-73.97782699999999, 40.693438], [-73.975848, 40.693360999999996]]",83,        164752,83,11,83,31,47,3,83,0,47,46
171,0470033.001,"[[-73.97620599999999, 40.687025], [-73.976545, 40.686994], [-73.976592, 40.687183999999995], [-73.977098, 40.689772999999995], [-73.975106, 40.689698], [-73.974616, 40.687191], [-73.97559, 40.687086], [-73.97620599999999, 40.687025]]",828,         49129,880,149,828,375,378,120,828,46,378,296
172,0470035.001,"[[-73.97620599999999, 40.687025], [-73.97559, 40.687086], [-73.97524299999999, 40.685406], [-73.974955, 40.683983999999995], [-73.973922, 40.683755999999995], [-73.97377999999999, 40.683060999999995], [-73.975929, 40.683505], [-73.977457, 40.684052], [-73.978026, 40.684864], [-73.97908799999999, 40.686285], [-73.97936299999999, 40.686682], [-73.976545, 40.686994], [-73.97620599999999, 40.687025]]",650,        102750,686,106,650,322,327,89,650,35,327,166
173,0470035.002,"[[-73.97524299999999, 40.685406], [-73.97559, 40.687086], [-73.974616, 40.687191], [-73.97428099999999, 40.685513], [-73.973922, 40.683755999999995], [-73.974955, 40.683983999999995], [-73.97524299999999, 40.685406]]",904,         30277,956,594,904,347,479,67,904,44,479,421
174,0470041.002,"[[-73.98700000000001, 40.687773], [-73.98482899999999, 40.68693], [-73.986119, 40.685024], [-73.988289, 40.685869], [-73.98700000000001, 40.687773]]",1152,         49024,1191,169,1152,301,395,95,1152,36,395,247
175,0470041.003,"[[-73.983092, 40.685451], [-73.983953, 40.684182], [-73.986119, 40.685024], [-73.98482899999999, 40.68693], [-73.982661, 40.686085999999996], [-73.983092, 40.685451]]",884,         48972,908,78,884,306,397,98,884,20,397,229
176,0470043.002,"[[-73.990166, 40.689729], [-73.98973699999999, 40.69036], [-73.986155, 40.689018], [-73.98700000000001, 40.687773], [-73.98916799999999, 40.688615], [-73.988722, 40.689246], [-73.990166, 40.689729]]",795,         42471,835,114,795,398,466,62,795,35,466,327
177,0470043.004,"[[-73.99268599999999, 40.689032999999995], [-73.992364, 40.68969], [-73.990648, 40.68913], [-73.98916799999999, 40.688615], [-73.99046799999999, 40.686727999999995], [-73.993269, 40.687825], [-73.993005, 40.688364], [-73.99268599999999, 40.689032999999995]]",1287,         64053,1344,68,1287,540,632,142,1287,54,632,475
178,0470045.002,"[[-73.99687399999999, 40.689433], [-73.995001, 40.688915], [-73.993005, 40.688364], [-73.993269, 40.687825], [-73.993338, 40.687678999999996], [-73.995333, 40.688226], [-73.99573199999999, 40.687397], [-73.997562, 40.688], [-73.99687399999999, 40.689433]]",741,         43968,757,15,741,289,367,70,741,16,367,241
188,0470003.011,"[[-73.995145, 40.698774], [-73.99545599999999, 40.698121], [-73.99641299999999, 40.696131], [-73.997078, 40.696311], [-73.997157, 40.696331], [-73.99630499999999, 40.698358], [-73.99600099999999, 40.699007], [-73.995145, 40.698774]]",845,         22753,879,40,845,271,393,59,845,34,393,224
189,0470039.002,"[[-73.983092, 40.685451], [-73.982661, 40.686085999999996], [-73.980702, 40.685324], [-73.981133, 40.684689], [-73.981562, 40.684053], [-73.981993, 40.683417999999996], [-73.983953, 40.684182], [-73.983092, 40.685451]]",608,         44288,639,57,608,214,272,67,608,31,272,193
190,0470233.003,"[[-73.956841, 40.686996], [-73.957274, 40.689192], [-73.957056, 40.689456], [-73.957272, 40.690694], [-73.95541, 40.690908], [-73.955122, 40.689443999999995], [-73.954829, 40.687977], [-73.954684, 40.687245], [-73.956841, 40.686996]]",1462,         72222,1507,774,1462,488,570,169,1462,40,570,493
191,0470553.002,"[[-73.959277, 40.71439], [-73.959486, 40.714192], [-73.959797, 40.713887], [-73.961287, 40.714501999999996], [-73.962777, 40.715106], [-73.962289, 40.715579999999996], [-73.961423, 40.716384], [-73.960139, 40.715582999999995], [-73.95951099999999, 40.716172], [-73.95822299999999, 40.715374], [-73.959277, 40.71439]]",1011,         55278,1043,55,1011,468,478,135,1011,31,478,408
